<?xml version="1.0"?>
<gameList>
	<game>
		<path>./diabdat.mpq</path>
		<name>Diablo 1</name>
		<desc>Classic Hack &amp; Slash Action RPG</desc>
		<image>./images/devilutionx-image.png</image>
		<releasedate>19970103T000000</releasedate>
		<developer>Blizzard North</developer>
		<genre>Action RPG</genre>
		<players>1</players>
	</game>
	<game>
		<path>./hellfire.mpq</path>
		<name>Diablo 1: Hellfire</name>
		<desc>Classic Hack &amp; Slash Action RPG Expansion Pack</desc>
		<image>./images/devilutionx-image.png</image>
		<releasedate>19971125T000000</releasedate>
		<developer>Synergistic Software</developer>
		<genre>Action RPG</genre>
		<players>1</players>
	</game>
	<game>
		<path>./fonts.mpq</path>
		<hidden>true</hidden>
	</game>
	<game>
		<path>./hfmonk.mpq</path>
		<hidden>true</hidden>
	</game>
	<game>
		<path>./hfmusic.mpq</path>
		<hidden>true</hidden>
	</game>
	<game>
		<path>./hfvoice.mpq</path>
		<hidden>true</hidden>
	</game>
	<game>
		<path>./pl.mpq</path>
		<hidden>true</hidden>
	</game>
	<game>
		<path>./ru.mpq</path>
		<hidden>true</hidden>
	</game>
</gameList>
