<?xml version="1.0"?>
<gameList>
	<game>
		<path>./valve.game</path>
		<name>Half-Life</name>
		<desc>Classic Sci-Fi FPS</desc>
		<image>./images/half-life.jpg</image>
		<developer>Valve</developer>
		<releasedate>19981119T000000</releasedate>
		<genre>FPS</genre>
		<players>1</players>
	</game>
	<game>
		<path>./gearbox.game</path>
		<name>Half-Life: Opposing Force</name>
		<desc>Return to the Black Mesa Research Facility as one of the military specialists assigned to eliminate Gordon Freeman. Experience an entirely new episode of single player action. Meet fierce alien opponents, and experiment with new weaponry.</desc>
		<image>./images/half-life_opposing-force.jpg</image>
		<developer>Gearbox Software, Valve</developer>
		<releasedate>19991119T000000</releasedate>
		<genre>FPS</genre>
		<players>1</players>
	</game>
	<game>
		<path>./bshift.game</path>
		<name>Half-Life: Blue Shift</name>
		<desc>Return to the Black Mesa Research Facility as Barney Calhoun, the secuity guard sidekick who helped Gordon out of so many sticky situations.</desc>
		<image>./images/half-life_blue-shift.jpg</image>
		<developer>Gearbox Software, Valve</developer>
		<releasedate>20010612T000000</releasedate>
		<genre>FPS</genre>
		<players>1</players>
	</game>
	<game>
		<!-- Note: Counter-Strike does not work yet. -->
		<path>./cstrike.game</path>
		<name>Counter-Strike</name>
		<desc>Classic online PvP FPS</desc>
		<image>./images/cstrike.jpg</image>
		<developer>Valve</developer>
		<releasedate>20001109T000000</releasedate>
		<genre>PvP multiplayer FPS</genre>
		<players>1</players>
	</game>
	<game>
		<path>./dmc.game</path>
		<name>Deathmatch Classic</name>
		<desc>Valve's tribute to the work of id software, DMC invites players to grab their rocket launchers and put their reflexes to the test in a collection of futuristic settings.</desc>
		<image>./images/dmc.jpg</image>
		<developer>Valve</developer>
		<releasedate>20010607T000000</releasedate>
		<genre>PvP multiplayer FPS</genre>
		<players>1</players>
	</game>
</gameList>
