﻿<?xml version="1.0" encoding="UTF-8"?>
<gameList>
  <game>
    <path>./Cannonball.cannonball</path>
    <name>Cannonball</name>
    <desc>Cannonball is an enhanced OutRun engine</desc>
    <image>./images/Cannonball.png</image>
    <thumbnail>./images/Cannonball-thumb.png</thumbnail>
    <marquee>./images/Cannonball-marquee.png</marquee>
    <video>./videos/Cannonball-video.mp4</video>
    <rating>0.9</rating>
    <developer>Chris White</developer>
    <publisher>Chris White</publisher>
    <genre>Racing</genre>
    <players>1</players>
    <md5>f983a0ae9a7e7378393a79082dd3b1de</md5>
    <lang>en</lang>
  </game>
</gameList>
