{
  "name": "Simplified Chinese to Traditional Chinese (Hong Kong variant)",
  "segmentation": {
    "type": "mmseg",
    "dict": {
      "type": "txt",
      "file": "STPhrases.txt"
    }
  },
  "conversion_chain": [{
    "dict": {
      "type": "group",
      "dicts": [{
        "type": "txt",
        "file": "STPhrases.txt"
      }, {
        "type": "txt",
        "file": "STCharacters.txt"
      }]
    }
  }, {
    "dict": {
      "type": "txt",
      "file": "HKVariants.txt"
    }
  }]
}
