<?xml version='1.0' encoding='utf-8'?>
<gameList>
	<game id="14077">
		<path>./Millipede (USA).zip</path>
		<name>米利普德</name>
		<desc>千足蟲是蜈蚣的近親，花園裡到處都是。除非阻止它們，否則這將毀掉任何試圖在那裡生長的東西。但還有其他昆蟲。蜘蛛、蜜蜂、蜻蜓和蠼螋。自然是危險的。幸運的是，有一種滅蟲器可以向這些昆蟲射箭並消滅它們。

《千足蟲》是《蜈蚣》的續作，具有類似的遊戲玩法，但有一群新的昆蟲！目標是在多節千足蟲穿過蘑菇林到達螢幕底部時消滅它。當所有千足蟲節段都被摧毀後，玩家將進入下一個更困難的級別。千足蟲和其他生物的得分都不同。螢幕上偶爾會出現炸藥，如果被滅蟲器射中，炸藥就會爆炸。如果時機把握得當，大量的千足蟲節段（以及其他昆蟲）可以在它們經過時被消滅。</desc>
		<image>./images/Millipede (USA)-image.png</image>
		<marquee>./images/Millipede (USA)-marquee.png</marquee>
		<thumbnail>./images/Millipede (USA)-thumb.png</thumbnail>
		<rating>0.8</rating>
		<releasedate>19840101T000000</releasedate>
		<developer>Atari</developer>
		<publisher>Atari</publisher>
		<genre>Shooter</genre>
		<family>Centipede</family>
		<players>1</players>
		<crc32>CCC82DD0</crc32>
		<md5>3c57748c8286cf9e821ecd064f21aaa9</md5>
		<lang>en</lang>
		<region>us</region>
		<scrap name="ScreenScraper" date="20251230T032215" />
	</game>
	<game id="37747">
		<path>./Frogger (USA).zip</path>
		<name>Greatest Hits</name>
		<desc>在這個街機轉換中，你的任務是引導青蛙穿過危險的道路和河流，並到達螢幕頂部的安全地點。這兩個部分都充滿了各種危險，如果發生接觸，每種危險都會殺死青蛙並導致您喪命。

路上擠滿了汽車和卡車，速度不一。河水本身是致命的，在後面的樓層盤旋的蛇也是如此。青蛙必須使用原木、海龜（它們只在那裡呆很短的時間）和鱷魚（但遠離它們的臉）的排列，然後跳進一個開放的家庭牢房，最好是裡面有一隻蒼蠅的牢房，以獲得額外的分數。一旦所有的洞都被填滿，你就會進入下一個更難的關卡。</desc>
		<image>./images/Frogger (USA)-image.png</image>
		<marquee>./images/Frogger (USA)-marquee.png</marquee>
		<thumbnail>./images/Frogger (USA)-thumb.png</thumbnail>
		<rating>0.7</rating>
		<releasedate>19820101T000000</releasedate>
		<developer>Parker Brothers</developer>
		<publisher>Parker Brothers</publisher>
		<genre>Platform</genre>
		<family>Frogger</family>
		<players>1-2</players>
		<crc32>F5E1AF92</crc32>
		<md5>081e2c114c9c20b61acf25fc95c71bf4</md5>
		<lang>en</lang>
		<region>us</region>
		<scrap name="ScreenScraper" date="20251230T032232" />
	</game>
	<game id="59476">
		<path>./Ms. Pac-Man (USA).zip</path>
		<name>Now Production</name>
		<desc>1982 年，廣受歡迎的吃豆人的續集以他的女朋友吃豆人女士的形式推出。該續作延續了原版遊戲的“吃點/避開鬼魂”遊戲玩法，但新增了新功能以保持遊戲的新鮮感。

像她的男朋友一樣，吃豆人女士試圖清除四個充滿圓點和不斷移動的彈跳水果的不同且具有挑戰性的迷宮，同時避開 Inky、Blinky、Pinky 和 ​​​​Sue，每個人都有自己的個性和策略。這些幽靈中的任何一個接觸都意味著吃豆人女士的生命損失。</desc>
		<image>./images/Ms. Pac-Man (USA)-image.png</image>
		<marquee>./images/Ms. Pac-Man (USA)-marquee.png</marquee>
		<thumbnail>./images/Ms. Pac-Man (USA)-thumb.png</thumbnail>
		<rating>0.7</rating>
		<releasedate>19830101T000000</releasedate>
		<developer>General Computer Corporation</developer>
		<publisher>Atari</publisher>
		<genre>Action / Labyrinth</genre>
		<family>Pac-Man</family>
		<players>1</players>
		<crc32>B2D08FC9</crc32>
		<md5>87e79cd41ce136fd4f72cc6e2c161bee</md5>
		<lang>en</lang>
		<region>us</region>
		<scrap name="ScreenScraper" date="20251230T032249" />
	</game>
	<game id="37758">
		<path>./Gravitar (USA).zip</path>
		<name>格拉維塔</name>
		<desc>名為 Gravitar 的邪惡生物正試圖毀滅宇宙！他征服的每一個星係都會留下極端的引力、強大的爆炸性反應堆和致命的掩體。你的任務是阻止 Gravitar，奪回位於他控制下的四個星系中的十二個太陽系！每個太陽係都有一個太陽、一個外星反應堆基地和三到四個行星。要解放太陽系，你有兩個選擇：要麼訪問所有行星並摧毀所有敵人的碉堡，要麼啟用外星人基地核心的反應堆並在爆炸前逃脫。每個行星和外星人基地都會有強大的引力需要應對；確保你的飛船保持在太空中，因為墜入崎嶇不平的地形將是致命的！一個星係被釋放後，你會自動移動到下一個星系，這將更加難以儲存。該遊戲包括五個不同的技能級別，透過提供不同數量的船隻來開始遊戲以及不同的重力強度，這些級別的難度有所不同。</desc>
		<image>./images/Gravitar (USA)-image.png</image>
		<marquee>./images/Gravitar (USA)-marquee.png</marquee>
		<thumbnail>./images/Gravitar (USA)-thumb.png</thumbnail>
		<rating>0.7</rating>
		<releasedate>19830101T000000</releasedate>
		<developer>Atari</developer>
		<publisher>Atari</publisher>
		<genre>Shoot'em Up</genre>
		<players>1</players>
		<crc32>C87FCCBE</crc32>
		<md5>8ac18076d01a6b63acf6e2cab4968940</md5>
		<lang>en</lang>
		<region>us</region>
		<scrap name="ScreenScraper" date="20251230T032303" />
	</game>
	<game id="14055">
		<path>./Super Breakout (USA).zip</path>
		<name>超級突破</name>
		<desc>Super Breakout 的遊戲玩法與原版類似，但有幾個新的遊戲變體。您的目標是透過摧毀遊戲場頂部的磚塊來獲得盡可能多的分數。為此，您需要使用螢幕底部的槳將彈跳的球保持在運動場內。包括四種不同的遊戲變體。第一個是“Breakout”，玩法與原版遊戲相同。

這留下了三個新的遊戲概念。在“漸進式”中，磚牆會慢慢落向螢幕底部，球的移動速度會越來越快。當有空間時，頂部會出現一層新的磚塊。

另外兩個遊戲新增了第二個球拍。在“雙突破”中，您有兩個球可以繼續比賽並得分。在“Cavity”中，當您開始時，遊戲中只有一個球，但另外兩個球被困在磚塊內。當周圍的磚塊被摧毀時，它們就會被釋放。</desc>
		<image>./images/Super Breakout (USA)-image.png</image>
		<marquee>./images/Super Breakout (USA)-marquee.png</marquee>
		<thumbnail>./images/Super Breakout (USA)-thumb.png</thumbnail>
		<rating>0.65</rating>
		<releasedate>19780101T000000</releasedate>
		<developer>Turner, Nick / Shaw, Carol</developer>
		<publisher>Atari</publisher>
		<genre>Action / Breakout games</genre>
		<family>Breakout</family>
		<players>1-2</players>
		<crc32>B0F20D31</crc32>
		<md5>8885d0ce11c5b40c3a8a8d9ed28cefef</md5>
		<lang>en</lang>
		<region>us</region>
		<scrap name="ScreenScraper" date="20251230T032317" />
	</game>
	<game id="37687">
		<path>./Berzerk (Japan, USA).zip</path>
		<name>貝爾澤克</name>
		<desc>你是一個被囚禁在一個由迷宮組成的外星球上的囚犯。機器人團夥追捕你，你必須在他們襲擊你之前射殺他們。邪惡的奧託，一臉壞笑，所向無敵，對你窮追不捨。如果你能保持冷靜而不發瘋，你就能消滅機器人，逃離邪惡的奧託，並獲得高分。

最喜歡的街機遊戲的家庭影片遊戲版本。</desc>
		<image>./images/Berzerk (Japan, USA)-image.png</image>
		<marquee>./images/Berzerk (Japan, USA)-marquee.png</marquee>
		<thumbnail>./images/Berzerk (Japan, USA)-thumb.png</thumbnail>
		<rating>0.9</rating>
		<releasedate>19820101T000000</releasedate>
		<developer>Stern</developer>
		<publisher>Atari</publisher>
		<genre>Shooter</genre>
		<family>Berzerk</family>
		<players>1-2</players>
		<crc32>2E8B4B5F</crc32>
		<md5>136f75c4dd02c29283752b7e5799f978</md5>
		<lang>en,jp</lang>
		<region>jp</region>
		<scrap name="ScreenScraper" date="20251230T032332" />
	</game>
	<game id="14020">
		<path>./Joust (USA).zip</path>
		<name>鴕鳥騎士2：適者生存</name>
		<desc>在《Joust》中，玩家控制一名騎著長矛的騎士，騎著飛翔的鴕鳥（或玩家 2 的鸛），與騎在禿鷹上的電腦控制的邪惡騎士進行戰鬥。

玩家必須拍動戰馬的翅膀，從更高的比武點攻擊敵人，消滅禿鷲和它的騎手。一旦敵人被擊中，一顆雞蛋就會掉落到下面的平臺之一上。英雄的騎士必須在蛋孵化之前將其摧毀，並釋放新的、難度越來越大的騎士。敵方騎士的三種力量是Bounder（紅騎士）、Hunter（白騎士）和Shadow Lord（藍騎士）。這些敵方騎士並不是遊戲中發現的唯一挑戰。玩家還必須應對搖搖欲墜的平臺、試圖將騎士拉入火中的熔岩巨魔，以及可怕的“不可戰勝”（？）翼手龍。

該遊戲在當時是新穎的，因為它是街機中為數不多的兩人同時遊戲之一。</desc>
		<image>./images/Joust (USA)-image.png</image>
		<marquee>./images/Joust (USA)-marquee.png</marquee>
		<thumbnail>./images/Joust (USA)-thumb.png</thumbnail>
		<rating>0.65</rating>
		<releasedate>19830101T000000</releasedate>
		<developer>Williams</developer>
		<publisher>Atari</publisher>
		<genre>Platform / Run &amp; Jump</genre>
		<players>1-2</players>
		<crc32>A07B3304</crc32>
		<md5>3276c777cbe97cdd2b4a63ffc16b7151</md5>
		<lang>en</lang>
		<region>us</region>
		<scrap name="ScreenScraper" date="20251230T032347" />
	</game>
	<game id="37890">
		<path>./Vanguard (USA).zip</path>
		<name>先鋒</name>
		<desc>Vanguard 是一款適合一到兩名玩家的街機風格射擊遊戲。你的目標是駕駛你的宇宙飛船前往位於戒備森嚴的隧道盡頭的神秘之城，並在到達那裡摧毀貢德生物。隧道分為幾個不同的區域，稱為山地區、彩虹區、棒區、條紋區、荒涼區和神秘之城。每個區域都有不同型別的敵方太空飛船需要對付，並且可以水平或垂直滾動​​。在山區或條紋區，您還可能會遇到標有“E”的能量莢。如果你飛過這裡，你的飛船會暫時變得無敵於致命的洞穴牆壁和眾多試圖阻止你的敵人。當你的太空飛船不是無敵時，它會配備鐳射來幫助摧毀敵人。你可以向四個不同的方向射擊，但是射擊時你的速度會降低。您還需要留意您的燃油表；你的燃料會迅速耗盡，如果耗盡你的船就會墜毀。每次消滅敵人都會獲得燃料，所以請確保消滅盡可能多的敵人！當你最終穿過隧道的所有不同區域並擊敗貢德時，遊戲將以更困難的技能水平重複。</desc>
		<image>./images/Vanguard (USA)-image.png</image>
		<marquee>./images/Vanguard (USA)-marquee.png</marquee>
		<thumbnail>./images/Vanguard (USA)-thumb.png</thumbnail>
		<rating>0.8</rating>
		<releasedate>19820101T000000</releasedate>
		<developer>SNK</developer>
		<publisher>Atari</publisher>
		<genre>Shoot'em Up / Horizontal</genre>
		<players>1-2</players>
		<crc32>C4BEC521</crc32>
		<md5>c6556e082aac04260596b4045bc122de</md5>
		<lang>en</lang>
		<region>us</region>
		<scrap name="ScreenScraper" date="20251230T032403" />
	</game>
	<game id="13993">
		<path>./Yars' Revenge (USA).zip</path>
		<name>亞爾斯的複仇</name>
		<desc>在亞爾斯的複仇中，您的目標是摧毀位於螢幕右側盾牌後面的 Qotile 鐳射基地。你控制像蒼蠅一樣的亞爾，它可以透過射擊或衝撞盾牌來一片片地摧毀盾牌。一旦護盾被放下，你將需要使用佐隆大砲來摧毀 Qotile。佐隆大砲位於螢幕左側，發射時可以直接擊中摧毀 Qotile。然而，Qotile 並不是完全沒有武裝來抵禦你的攻擊。螢幕上徘徊的是一枚驅逐艦導彈，它會不斷地瞄準你的亞爾。該導彈無法被摧毀，但是您可以暫時將其隱藏在螢幕中央垂直執行的護盾中。當亞爾躲在盾牌中時將無法開火，所以你不能無限期地呆在那裡！Qtiles 的第二個武器是一個漩渦，它會隨機向你開火，應該躲避。當您最終摧毀 Qotile 時，您可以進入下一個更快的遊戲回合。包括幾種遊戲變體，可以控制遊戲的難度和速度。</desc>
		<image>./images/Yars' Revenge (USA)-image.png</image>
		<marquee>./images/Yars' Revenge (USA)-marquee.png</marquee>
		<thumbnail>./images/Yars' Revenge (USA)-thumb.png</thumbnail>
		<rating>0.75</rating>
		<releasedate>19820501T000000</releasedate>
		<developer>Atari</developer>
		<publisher>Atari</publisher>
		<genre>Shoot'em Up</genre>
		<players>1-2</players>
		<crc32>DFA1C825</crc32>
		<md5>c5930d0e8cdae3e037349bfa08e871be</md5>
		<lang>en</lang>
		<region>us</region>
		<scrap name="ScreenScraper" date="20251230T032418" />
	</game>
	<game id="59427">
		<path>./Cosmic Ark (USA).zip</path>
		<name>宇宙方舟</name>
		<desc>Alpha Ro太陽系陷入危機！他們的太陽即將變成超新星，這意味著所有行星和以它們為家的奇異生命形式都會死亡。不過幸運的是，高貴的亞特蘭蒂斯人聽說了阿爾法羅的困境，並派遣了一艘巨大的宇宙方舟穿越銀河係數千光年，試圖拯救盡可能多的物種。作為方舟船長，玩家必須與致命的流星風暴和行星防禦系統作鬥爭才能成功完成任務。

宇宙方舟有兩個遊戲螢幕：在第一個螢幕上，玩家必須用四向大砲發射流星。爆炸足夠了，玩家就可以進入第二個螢幕。方舟低空降落在阿爾法羅的一顆行星上空。然後，玩家必須引導一艘太空梭向下發射並發射兩個生物，同時避開任何可能正在執行的鐳射防禦系統。玩家必須盡快讓生物回到船上，因為另一場流星雨隨時可能發生。然後就出發去下一個星球了！</desc>
		<image>./images/Cosmic Ark (USA)-image.png</image>
		<marquee>./images/Cosmic Ark (USA)-marquee.png</marquee>
		<thumbnail>./images/Cosmic Ark (USA)-thumb.png</thumbnail>
		<rating>0.75</rating>
		<releasedate>19820101T000000</releasedate>
		<developer>Imagic</developer>
		<publisher>Imagic</publisher>
		<genre>Shooter</genre>
		<players>1-2</players>
		<crc32>CB374F0E</crc32>
		<md5>ab5bf1ef5e463ad1cbb11b6a33797228</md5>
		<lang>en</lang>
		<region>us</region>
		<scrap name="ScreenScraper" date="20251230T032432" />
	</game>
	<game id="14006">
		<path>./Combat ~ Tank-Plus (USA).zip</path>
		<name>戰鬥</name>
		<desc>Combat 是 Atari 為 Atari 2600 開發的一款早期影片遊戲。它於 1977 年 10 月作為該系統的九個首發遊戲之一發布，並且從推出到 1982 年一直包含在系統的包裝盒中。

《Combat》號稱將 27 款遊戲合而為一，全部是坦克、雙翼飛機和噴氣式飛機遊戲玩法的變體。</desc>
		<image>./images/Combat ~ Tank-Plus (USA)-image.png</image>
		<marquee>./images/Combat ~ Tank-Plus (USA)-marquee.png</marquee>
		<thumbnail>./images/Combat ~ Tank-Plus (USA)-thumb.png</thumbnail>
		<rating>0.6</rating>
		<releasedate>19770101T000000</releasedate>
		<developer>Atari</developer>
		<publisher>Atari</publisher>
		<genre>Shooter</genre>
		<players>2</players>
		<crc32>9C326A97</crc32>
		<md5>4c8832ed387bbafc055320c05205bc08</md5>
		<lang>en</lang>
		<region>us</region>
		<scrap name="ScreenScraper" date="20251230T032449" />
	</game>
	<game id="14061">
		<path>./Jungle Hunt (USA).zip</path>
		<name>Greatest Hits</name>
		<desc>叢林狩獵提供四種獨特的冒險體驗，一旦全部四種都倖存下來，重複的難度就會更大。如果你沒能在這些冒險中倖存下來，你不僅會失去自己的生命，還會失去被食人者俘虜的可愛的佩內洛普的生命！

第一部分挑戰你的人猿泰山技能 - 你能在藤蔓上盪鞦韆而不墜入厄運嗎？第二部分讓你在一條浩瀚的河流中對抗一大群令人討厭的鱷魚。幸運的是，你有一把刀可以反擊。別忘了上去呼吸空氣！在第三部分中，你將面臨一場與迎面而來的不同大小和物理性質的巨石的戰鬥。一旦你清除了所有這些危險的危險，你仍然必鬚麵對可怕的食人者，他手持邪惡的長矛。你能越過他並拯救可愛的佩內洛普嗎？

遊戲玩法涉及很多戰略跳躍和刀法（在河/鱷魚階段）。檢視始終是側檢視，很像陷阱！以及後來的平臺遊戲。</desc>
		<image>./images/Jungle Hunt (USA)-image.png</image>
		<marquee>./images/Jungle Hunt (USA)-marquee.png</marquee>
		<thumbnail>./images/Jungle Hunt (USA)-thumb.png</thumbnail>
		<rating>0.7</rating>
		<releasedate>19830101T000000</releasedate>
		<developer>Atari</developer>
		<publisher>Atari</publisher>
		<genre>Platform / Run &amp; Jump Scrolling</genre>
		<players>1-2</players>
		<crc32>9C3E8734</crc32>
		<md5>2bb9f4686f7e08c5fcc69ec1a1c66fe7</md5>
		<lang>en</lang>
		<region>us</region>
		<scrap name="ScreenScraper" date="20251230T032506" />
	</game>
	<game id="14134">
		<path>./Circus Atari (Japan, USA).zip</path>
		<name>雅達利馬戲團</name>
		<desc>戳破氣球並得分。螢幕頂部會出現一堵由紅色、藍色和白色氣球組成的牆。您必須抓住蹺蹺板上的小丑並將其彈到氣球上，從而彈出氣球。使用控制器在螢幕上移動蹺蹺板以抓住小丑。每當小丑彈出氣球時，氣球就會消失，您就會得分。每個玩家都會收到五個小丑或輪流。如果你沒能抓住蹺蹺板的小丑，他就會摔倒並從操場上消失。按下控制器按鈕，另一個小丑將從操場的右角或左角從蹦床上彈起。五個小丑摔倒後，遊戲結束。小丑可能會落在蹺蹺板上的任何一點，除了另一個小丑坐的地方，這會導致他們墜毀。</desc>
		<image>./images/Circus Atari (Japan, USA)-image.png</image>
		<marquee>./images/Circus Atari (Japan, USA)-marquee.png</marquee>
		<thumbnail>./images/Circus Atari (Japan, USA)-thumb.png</thumbnail>
		<rating>0.6</rating>
		<releasedate>19780101T000000</releasedate>
		<developer>Atari</developer>
		<publisher>Atari</publisher>
		<genre>Adventure</genre>
		<players>1-2</players>
		<crc32>D2A330A3</crc32>
		<md5>a7b96a8150600b3e800a4689c3ec60a2</md5>
		<lang>en,jp</lang>
		<region>jp</region>
		<scrap name="ScreenScraper" date="20251230T032521" />
	</game>
	<game id="14054">
		<path>./Crystal Castles (USA).zip</path>
		<name>水晶城堡</name>
		<desc>賓利熊被困在水晶城堡裡了！為了出去，他需要收集整個城堡的所有寶石。遊戲以多平臺城堡的等距檢視進行。當本特利收集完當前城堡的所有寶石後，他將前往下一個更困難的城堡。城堡裡遊盪著各種各樣的危險生物，本特利應該避開它們。時不時就會出現一頂魔法帽。如果本特利收集到帽子，他將暫時對城堡居民無敵。</desc>
		<image>./images/Crystal Castles (USA)-image.png</image>
		<marquee>./images/Crystal Castles (USA)-marquee.png</marquee>
		<thumbnail>./images/Crystal Castles (USA)-thumb.png</thumbnail>
		<rating>0.65</rating>
		<releasedate>19840101T000000</releasedate>
		<developer>Atari</developer>
		<publisher>Atari</publisher>
		<genre>Action / Labyrinth</genre>
		<players>1</players>
		<crc32>9007B5AC</crc32>
		<md5>1c6eb740d3c485766cade566abab8208</md5>
		<lang>en</lang>
		<region>us</region>
		<scrap name="ScreenScraper" date="20251230T032536" />
	</game>
	<game id="14128">
		<path>./Video Pinball ~ Arcade Pinball (USA).zip</path>
		<name>影片彈球：街機彈球</name>
		<desc>影片彈球是一個或兩個玩家的彈球模擬遊戲。您從三個球開始遊戲，需要透過擊中彈球桌上的各種緩衝器、旋轉器和翻轉來獲得盡可能多的分數。連續四次擊中雅達利標誌即可獲得額外的球！有兩個難度級別和四種遊戲變體。</desc>
		<image>./images/Video Pinball ~ Arcade Pinball (USA)-image.png</image>
		<marquee>./images/Video Pinball ~ Arcade Pinball (USA)-marquee.png</marquee>
		<thumbnail>./images/Video Pinball ~ Arcade Pinball (USA)-thumb.png</thumbnail>
		<rating>0.6</rating>
		<releasedate>19800101T000000</releasedate>
		<developer>Sears</developer>
		<publisher>Atari</publisher>
		<genre>Pinball</genre>
		<players>1-2</players>
		<crc32>10D95426</crc32>
		<md5>107cc025334211e6d29da0b6be46aec7</md5>
		<lang>en</lang>
		<region>us</region>
		<scrap name="ScreenScraper" date="20251230T032550" />
	</game>
	<game id="37718">
		<path>./Dragonfire (USA).zip</path>
		<name>龍火</name>
		<desc>國王的寶藏被盜了！作為勇敢的年輕王子，你的目標是找回他們所有人。這些寶藏被儲存在各個城堡中，每個城堡都由一條噴火龍看守。遊戲中的每個關卡都有兩個部分；首先你需要穿過城堡的吊橋。你必須跳躍並躲避龍的火球並避免飛箭才能到達另一邊！在第二部分中，你需要收集螢幕上的所有寶藏並到達出口，同時避開跑過螢幕底部的龍。每個級別的龍都有不同的移動和射擊模式，並且隨著級別的進展會變得更快和更棘手。</desc>
		<image>./images/Dragonfire (USA)-image.png</image>
		<marquee>./images/Dragonfire (USA)-marquee.png</marquee>
		<thumbnail>./images/Dragonfire (USA)-thumb.png</thumbnail>
		<rating>0.7</rating>
		<releasedate>19820101T000000</releasedate>
		<developer>Imagic</developer>
		<publisher>Imagic</publisher>
		<players>1-2</players>
		<crc32>BA5DC02C</crc32>
		<md5>41810dd94bd0de1110bedc5092bef5b0</md5>
		<lang>en</lang>
		<region>us</region>
		<scrap name="ScreenScraper" date="20251230T032605" />
	</game>
	<game id="87848">
		<path>./River Raid (USA).zip</path>
		<name>河流突襲</name>
		<desc>River Raid 是一款垂直捲軸動作遊戲。你駕駛噴氣式飛機沿河而上，試圖摧毀對敵人至關重要的橋樑。然而，這條河戒備森嚴，氣球、船隻、直升機和敵機試圖阻止你。一路上，您需要飛越加油站為您的飛機加油並繼續飛行。

這架飛機配備了一門彈藥無限的大砲。它可以用來摧毀敵方車輛和橋樑，但粗心的玩家可能會意外摧毀加油站。與河岸或敵機相撞會摧毀你的飛機並讓你喪生。</desc>
		<image>./images/River Raid (USA)-image.png</image>
		<marquee>./images/River Raid (USA)-marquee.png</marquee>
		<thumbnail>./images/River Raid (USA)-thumb.png</thumbnail>
		<rating>0.8</rating>
		<releasedate>19820101T000000</releasedate>
		<developer>Activision</developer>
		<publisher>Activision</publisher>
		<genre>Shoot'em Up / Vertical</genre>
		<players>1-2</players>
		<crc32>C3EB7E1E</crc32>
		<md5>393948436d1f4cc3192410bb918f9724</md5>
		<lang>en</lang>
		<region>us</region>
		<scrap name="ScreenScraper" date="20251230T032619" />
	</game>
	<game id="37761">
		<path>./Halloween (USA).zip</path>
		<name>萬聖節</name>
		<desc>保護孩子們，為自己的生命而戰，“他回家的那天晚上！”

玩家扮演勞裡·斯特羅德（Laurie Strode），在一座兩層樓的大房子裡照顧一群孩子，扮演精神病患者邁克爾·邁爾斯（Michael Myers）從精神病院逃出來並回來復仇。玩家必須引導孩子們到安全的房間，同時避開邁克爾·邁爾斯和他的刀。

這所房子很大，十六個房間裡充滿了危險的停電和死衚衕。然而，勞裡並非完全毫無防備。當熟悉的主題音樂開始播放並且兇手仍在追捕時，可以找到一把刀來保護自己。

玩家可以透過刺傷邁克爾·邁爾斯兩次或營救五個孩子來進入下一關。</desc>
		<image>./images/Halloween (USA)-image.png</image>
		<marquee>./images/Halloween (USA)-marquee.png</marquee>
		<thumbnail>./images/Halloween (USA)-thumb.png</thumbnail>
		<rating>0.7</rating>
		<releasedate>19830101T000000</releasedate>
		<developer>VSS</developer>
		<publisher>Wizard Video Games</publisher>
		<players>1</players>
		<crc32>B1B11806</crc32>
		<md5>30516cfbaa1bc3b5335ee53ad811f17a</md5>
		<lang>en</lang>
		<region>us</region>
		<scrap name="ScreenScraper" date="20251230T032632" />
	</game>
	<game id="37772">
		<path>./Keystone Kapers (USA).zip</path>
		<name>基斯通·卡珀斯</name>
		<desc>臭名昭著的小偷哈利·霍利根逍遙法外！你扮演警官基斯通·凱利，被派去抓捕哈利。哈利被困在一個四層樓的商場裡，他正在盡可能快地跑到頂部的出口。你的任務就是追上他並把他送進監獄。您需要使用每層樓末端的自動扶梯或中間的電梯才能從一層樓到達另一層樓。自動扶梯可能距離較遠，但電梯移動速度相當緩慢，因此您需要決定哪條路線可以更快地讓您更接近目標。如果哈利能在你追上他之前到達頂部，你將不得不重試該級別。哈利無意讓你輕易抓住他，他正在扔出他能找到的一切東西來試圖減慢你的速度。購物車、彈跳球、雙翼飛機等都會在螢幕上飛過，如果你被擊中，它們要麼會減慢你的速度，要麼會讓你回到起點。隨著關卡的進展，哈利會跑得越來越快，更多的物體會被拋向你，讓你躲避和跳躍。</desc>
		<image>./images/Keystone Kapers (USA)-image.png</image>
		<marquee>./images/Keystone Kapers (USA)-marquee.png</marquee>
		<thumbnail>./images/Keystone Kapers (USA)-thumb.png</thumbnail>
		<rating>0.8</rating>
		<releasedate>19830401T000000</releasedate>
		<developer>Activision</developer>
		<publisher>Activision</publisher>
		<players>1</players>
		<crc32>3E55F3A1</crc32>
		<md5>be929419902e21bd7830a7a7d746195d</md5>
		<lang>en</lang>
		<region>us</region>
		<scrap name="ScreenScraper" date="20251230T032648" />
	</game>
	<game id="58700">
		<path>./Demon Attack (USA) (Rev 1).zip</path>
		<name>惡魔襲擊</name>
		<desc>《惡魔攻擊》是一款街機動作遊戲，玩法類似於《太空侵略者》。你控制螢幕底部的鐳射炮，需要消滅一波又一波色彩鮮豔的惡魔。惡魔以奇怪的模式在螢幕上跳躍，並試圖用炸彈或鐳射摧毀你的大砲。當你射擊一個惡魔時，它會被另一個惡魔取代，或者會分裂成兩個較小的惡魔，具體取決於你正在玩的波浪。噹噹前回合所需數量的惡魔最終被消滅後，你就可以進入下一個更困難的回合。</desc>
		<image>./images/Demon Attack (USA) (Rev 1)-image.png</image>
		<marquee>./images/Demon Attack (USA) (Rev 1)-marquee.png</marquee>
		<thumbnail>./images/Demon Attack (USA) (Rev 1)-thumb.png</thumbnail>
		<rating>0.75</rating>
		<releasedate>19820101T000000</releasedate>
		<developer>Imagic</developer>
		<publisher>Imagic</publisher>
		<genre>Shooter / Space Invaders Like</genre>
		<players>1-2</players>
		<crc32>31C9DF5E</crc32>
		<md5>b12a7f63787a6bb08e683837a8ed3f18</md5>
		<lang>en</lang>
		<region>us</region>
		<scrap name="ScreenScraper" date="20251230T032705" />
	</game>
	<game id="14012">
		<path>./Pitfall! - Pitfall Harry's Jungle Adventure (USA).zip</path>
		<name>陷阱！: 陷阱哈利的叢林冒險</name>
		<desc>陷阱！是一款平臺動作遊戲。你扮演“陷阱哈利”，他正在尋找叢林深處的寶藏。如果運氣好的話，您將能夠找到錢袋、銀條、金條和鑽戒。但許多障礙會阻礙你，其中一些只會從你的分數中扣除分數，而另一些則是致命的。滾木頭、掉進洞裡會扣分，而蠍子、鱷魚、蛇、無底洞、沼澤和火災會讓哈利喪命。如果你能活那麼久的話，你有 20 分鐘的時間嘗試收集眾多螢幕上的所有寶藏！</desc>
		<image>./images/Pitfall! - Pitfall Harry's Jungle Adventure (USA)-image.png</image>
		<marquee>./images/Pitfall! - Pitfall Harry's Jungle Adventure (USA)-marquee.png</marquee>
		<thumbnail>./images/Pitfall! - Pitfall Harry's Jungle Adventure (USA)-thumb.png</thumbnail>
		<rating>0.8</rating>
		<releasedate>19820420T000000</releasedate>
		<developer>Activision</developer>
		<publisher>Activision</publisher>
		<genre>Platform</genre>
		<family>Pitfall</family>
		<players>1</players>
		<crc32>42AD47BF</crc32>
		<md5>3e90cf23106f2e08b2781e41299de556</md5>
		<lang>en</lang>
		<region>us</region>
		<scrap name="ScreenScraper" date="20251230T032723" />
	</game>
	<game id="37835">
		<path>./Seaquest (USA).zip</path>
		<name>海洋探險隊</name>
		<desc>你的潛水員在海洋中收集寶藏；現在他們已經找到了他們要找的東西，你需要駕駛一艘潛艇並將他們安全地送回水面！您一次最多可以攜帶六名潛水員，當您將六名潛水員安全返回水面時，您將進入下一個更快的級別。您的潛水艇的氧氣供應有限；如果您的氧氣計太低，您將需要浮出水面補充氧氣供應。如果您浮出水面的潛水員少於六名，您將失去一名潛水員。如果你在沒有潛水員的情況下浮出水面，那麼你的潛水艇就會爆炸。為了讓你的任務更具挑戰性，大量的巨型鯊魚和敵方潛艇在水域中穿行，一旦接觸就會摧毀你的潛艇。為了幫助對付這些敵人，你可以發射無限量的魚雷來摧毀鯊魚和潛艇。隨著關卡的進展，遊戲會變得越來越快，同時會出現更多的敵人。</desc>
		<image>./images/Seaquest (USA)-image.png</image>
		<marquee>./images/Seaquest (USA)-marquee.png</marquee>
		<thumbnail>./images/Seaquest (USA)-thumb.png</thumbnail>
		<rating>0.8</rating>
		<releasedate>19830101T000000</releasedate>
		<developer>Activision</developer>
		<publisher>Activision</publisher>
		<genre>Shoot'em Up</genre>
		<players>1-2</players>
		<crc32>8658E8D9</crc32>
		<md5>240bfbac5163af4df5ae713985386f92</md5>
		<lang>en</lang>
		<region>us</region>
		<scrap name="ScreenScraper" date="20251230T032737" />
	</game>
	<game id="58693">
		<path>./California Games (USA).zip</path>
		<name>加州運動會</name>
		<desc>加州運動會是最初的“極限運動會”——今天的一代人可能會稱之為“陽光下的極限運動會”。玩家可以選擇贊助商（某些版本中沒有）並參加滑板、足球、衝浪、輪滑、飛盤（飛盤）和小輪車等賽事。衝浪專案由評委進行排名，評委給出分數以幫助選手提高日常水平。

遊戲的 Atari 版本（2600 和 Lynx）省略了飛盤和輪滑專案，而 Genesis 版本僅省略了飛盤專案。</desc>
		<image>./images/California Games (USA)-image.png</image>
		<marquee>./images/California Games (USA)-marquee.png</marquee>
		<thumbnail>./images/California Games (USA)-thumb.png</thumbnail>
		<rating>0.6</rating>
		<releasedate>19880601T000000</releasedate>
		<developer>Epyx</developer>
		<publisher>Epyx</publisher>
		<genre>Sports / Multisports</genre>
		<family>California Games</family>
		<players>1-8</players>
		<crc32>E9A3FDC3</crc32>
		<md5>9ab72d3fd2cc1a0c9adb504502579037</md5>
		<lang>en</lang>
		<region>us</region>
		<scrap name="ScreenScraper" date="20251230T032752" />
	</game>
	<game id="13988">
		<path>./Space Invaders (USA).zip</path>
		<name>太空侵略者</name>
		<desc>地球正受到一排排投炸彈的外星人的攻擊，你需要保衛它！一排排外星人從螢幕頂部開始，你控制螢幕底部的鐳射炮。你的目標是在外星人著陸之前射擊他們來賺取積分。外星人來回行進，每次到達螢幕末端時，他們都會下降一排靠近底部。將它們全部射擊，然後您將進入下一個（更難的）關卡，但如果其中一個落地，遊戲就結束了。時不時會有飛碟沿著螢幕頂部掠過；拍攝這個以獲得額外積分。鐳射炮上方有三個防護罩；這些可以用來躲避外星人的炸彈，但也會阻擋你自己的射擊。您以有限數量的鐳射炮開始遊戲，如果所有鐳射炮都被轟炸，則遊戲結束。</desc>
		<image>./images/Space Invaders (USA)-image.png</image>
		<marquee>./images/Space Invaders (USA)-marquee.png</marquee>
		<thumbnail>./images/Space Invaders (USA)-thumb.png</thumbnail>
		<rating>0.7</rating>
		<releasedate>19800101T000000</releasedate>
		<developer>Taito</developer>
		<publisher>Atari</publisher>
		<genre>Shooter / Space Invaders Like</genre>
		<family>Space Invaders</family>
		<players>1-2</players>
		<crc32>A6E867B3</crc32>
		<md5>72ffbef6504b75e69ee1045af9075f66</md5>
		<lang>en</lang>
		<region>us</region>
		<scrap name="ScreenScraper" date="20251230T032808" />
	</game>
	<game id="37677">
		<path>./Atlantis (USA).zip</path>
		<name>亞特蘭蒂斯</name>
		<desc>失落之城亞特蘭蒂斯遭到攻擊！一波又一波的戈爾貢船隻正在逼近，每艘船隻都配備了能夠摧毀城市一部分的武器。你負責城市邊緣的指揮所，需要保衛城市免受入侵者的侵害。各種戈爾貢飛船將以不同的數量和不同的飛航模式在螢幕上不斷飛行。起初它們飛得很高，但隨後逐漸降低。如果敵人在你摧毀它之前使其足夠低，它就會使用它的武器並摧毀亞特蘭蒂斯的一棟建築物。隨著遊戲的進展，敵方飛船的速度會不斷增加。當城市中所有剩餘的建築物都被摧毀時，遊戲結束。</desc>
		<image>./images/Atlantis (USA)-image.png</image>
		<marquee>./images/Atlantis (USA)-marquee.png</marquee>
		<thumbnail>./images/Atlantis (USA)-thumb.png</thumbnail>
		<rating>0.7</rating>
		<releasedate>19820101T000000</releasedate>
		<developer>Imagic</developer>
		<publisher>Imagic</publisher>
		<genre>Shooter</genre>
		<players>1-2</players>
		<crc32>92560498</crc32>
		<md5>9ad36e699ef6f45d9eb6c4cf90475c9f</md5>
		<lang>en</lang>
		<region>us</region>
		<scrap name="ScreenScraper" date="20251230T032826" />
	</game>
	<game id="14038">
		<path>./Missile Command (USA).zip</path>
		<name>導彈司令部</name>
		<desc>來自 Krytol 星球的外星人正在攻擊您的城市！作為導彈基地的指揮官，你有責任保衛它們。各種敵方武器和飛機將會襲來，試圖摧毀螢幕底部的六個城市。你需要發射導彈來摧毀來襲的武器。如果有什麼東西透過，你的一座城市可能會被摧毀。當所有的城市都消失後，遊戲就結束了。在每個級別上，你的彈藥數量都是有限的，因此請確保你的大部分（如果不是全部）射擊都是準確的，否則你可能會耗盡彈藥並使你的城市面臨風險！隨著關卡的進展，需要摧毀的敵方武器越來越多，而且速度也越來越快。</desc>
		<image>./images/Missile Command (USA)-image.png</image>
		<marquee>./images/Missile Command (USA)-marquee.png</marquee>
		<thumbnail>./images/Missile Command (USA)-thumb.png</thumbnail>
		<rating>0.75</rating>
		<releasedate>19810101T000000</releasedate>
		<developer>Atari</developer>
		<publisher>Atari</publisher>
		<genre>Shooter / Missile Command Like</genre>
		<family>Missile Command</family>
		<players>1-2</players>
		<crc32>CFF14904</crc32>
		<md5>3a2e2d0c6892aa14544083dfb7762782</md5>
		<lang>en</lang>
		<region>us</region>
		<scrap name="ScreenScraper" date="20251230T032842" />
	</game>
	<game id="37803">
		<path>./Phoenix (USA).zip</path>
		<name>鳳凰</name>
		<desc>《鳳凰城》是一款街機動作遊戲，玩法類似於《太空侵略者》。你是鳳凰號的指揮官，你的任務是到達一艘正在耗盡你星球資源的外星飛船。這艘船由四層鳥狀生物守衛。完成所有四個階段後，第五關將對抗一艘大型、重防護的母艦。如果母艦被摧毀，遊戲就會重複，但速度和難度都會增加。為了擊敗眾多的敵人，鳳凰號配備了鐳射炮和力場。</desc>
		<image>./images/Phoenix (USA)-image.png</image>
		<marquee>./images/Phoenix (USA)-marquee.png</marquee>
		<thumbnail>./images/Phoenix (USA)-thumb.png</thumbnail>
		<rating>0.7</rating>
		<releasedate>19820101T000000</releasedate>
		<developer>Amstar Electronics</developer>
		<publisher>Atari</publisher>
		<players>1</players>
		<crc32>6AE1B66C</crc32>
		<md5>7e52a95074a66640fcfde124fffd491a</md5>
		<lang>en</lang>
		<region>us</region>
		<scrap name="ScreenScraper" date="20251230T032856" />
	</game>
	<game id="37728">
		<path>./Enduro (USA).zip</path>
		<name>耐力賽</name>
		<desc>Enduro 是一款類似於 Pole Position 的動作賽車遊戲。您的目標是在耐力賽中盡可能堅持多久；比賽的每一天，您都需要透過一定數量的汽車。如果你成功了，你就可以繼續前進，失敗了，你就被淘汰了。駕駛條件會隨著時間的推移而變化；您不僅需要在一天中的不同時間、不同光線量下駕駛，而且季節也會發生變化。雪、冰和霧偶爾會出現，使駕駛變得更加危險。隨著時間一天天過去，其他車輛將會變得更快、更具攻擊性。螢幕底部是一個里程錶，因此當比賽最終結束時，您可以看到您走了多遠。</desc>
		<image>./images/Enduro (USA)-image.png</image>
		<marquee>./images/Enduro (USA)-marquee.png</marquee>
		<thumbnail>./images/Enduro (USA)-thumb.png</thumbnail>
		<rating>0.7</rating>
		<releasedate>19830101T000000</releasedate>
		<developer>Activision</developer>
		<publisher>Activision</publisher>
		<genre>Racing, Driving</genre>
		<players>1</players>
		<crc32>2EF17B2E</crc32>
		<md5>94b92a882f6dbaa6993a46e2dcc58402</md5>
		<lang>en</lang>
		<region>us</region>
		<scrap name="ScreenScraper" date="20251230T032910" />
	</game>
	<game id="13986">
		<path>./Stargate (USA).zip</path>
		<name>星際之門</name>
		<desc>在《守護者》續集中，從即將到來的外星人手中拯救類人生物。任務仍然是在蘭德斯將類人生物變成變種人之前營救他們，同時避開並射擊其他敵人，但是你現在必須透過遊戲中的星際之門將類人生物帶到安全的地方。

進入這個星際之門不僅會將你傳送到最近的處於危險之中的類人生物，而且如果你帶著 4 個或更多的類人生物進入它，也可能會讓你領先（在前 15 層），如果你帶著 10 個類人生物進入它，還會給你額外的生命，所以在保證現有類人生物的安全和試圖提升你的地位之間需要權衡。

螢幕上的敵人比以往任何時候都多。Inviso 按鈕讓你對敵人和你自己來說都是隱形的，所以你必須跟隨你的子彈來找出你在螢幕上的位置。</desc>
		<image>./images/Stargate (USA)-image.png</image>
		<marquee>./images/Stargate (USA)-marquee.png</marquee>
		<thumbnail>./images/Stargate (USA)-thumb.png</thumbnail>
		<rating>0.7</rating>
		<releasedate>19840101T000000</releasedate>
		<developer>Vid Kidz</developer>
		<publisher>Atari</publisher>
		<genre>Shooter / Horizontal</genre>
		<players>1</players>
		<crc32>CDE3530E</crc32>
		<md5>0c48e820301251fbb6bcdc89bd3555d9</md5>
		<lang>en</lang>
		<region>us</region>
		<scrap name="ScreenScraper" date="20251230T032925" />
	</game>
	<game id="14067">
		<path>./Stampede (USA).zip</path>
		<name>踩踏</name>
		<desc>這是踩踏事件！ ！你的工作就是盡可能多地圍捕小牛。當你追逐小牛時，螢幕會向右滾動；如果超過三隻小牛超過了你，遊戲就結束了。小牛都以不同的速度奔跑，當你用繩子拴住一隻小牛時，你會根據它的奔跑速度獲得積分。隨著遊戲的進行，越來越多的小牛會同時出現在螢幕上，並且其他障礙物會開始出現，絆倒你的馬並減慢你的速度。</desc>
		<image>./images/Stampede (USA)-image.png</image>
		<marquee>./images/Stampede (USA)-marquee.png</marquee>
		<thumbnail>./images/Stampede (USA)-thumb.png</thumbnail>
		<rating>0.7</rating>
		<releasedate>19810101T000000</releasedate>
		<developer>Activision</developer>
		<publisher>Activision</publisher>
		<players>1</players>
		<crc32>740800F3</crc32>
		<md5>21d7334e406c2407e69dbddd7cec3583</md5>
		<lang>en</lang>
		<region>us</region>
		<scrap name="ScreenScraper" date="20251230T032938" />
	</game>
	<game id="13992">
		<path>./Adventure (USA).zip</path>
		<name>冒險</name>
		<desc>一名邪惡的魔法師偷走了魔法聖杯，並將其藏在王國的某個地方。遊戲的目標是拯救魔法聖杯並將其放置在它所屬的金色城堡內。

這不是一件容易的事，因為邪惡魔法師創造了三條龍來阻礙你尋找金聖杯。還有黃龍約吉（Yorgie），他非常卑鄙；還有綠龍格倫德爾，他卑鄙而兇猛。還有紅龍萊因德爾（Rhindle），它是所有龍中最兇猛的。萊因德爾也是速度最快的龍，也是最難戰勝的龍。

王國共有三座城堡；白色城堡、黑色城堡、金色城堡。每個城堡的入口處都有一個大門。門可以用相應顏色的鑰匙開啟。每個城堡內都有房間（或地下城，取決於您所玩的技能級別）。

城堡由房間、通道和迷宮隔開。所有技能等級的共同點是藍色迷宮，你必須透過它找到通往黑色城堡的路。技能等級 2 和 3 有一個更複雜的王國

Adventure 是影片遊戲機上的第一個動作冒險遊戲，第一個包含廣為人知的複活節彩蛋的遊戲，也是第一個允許玩家儲存物品的遊戲，這要求玩家在任何給定時刻選擇要使用的物品，通常是透過鍵盤或操縱桿輸入。冒險允許玩家放下一件物品並撿起另一件物品，而無需輸入任何命令。另一方面，影象並不是那麼好，冒險創作者沃倫·羅賓內特甚至將龍描述為看起來像鴨子。</desc>
		<image>./images/Adventure (USA)-image.png</image>
		<marquee>./images/Adventure (USA)-marquee.png</marquee>
		<thumbnail>./images/Adventure (USA)-thumb.png</thumbnail>
		<rating>0.75</rating>
		<releasedate>19800101T000000</releasedate>
		<developer>Atari</developer>
		<publisher>Atari</publisher>
		<genre>Adventure</genre>
		<players>1</players>
		<crc32>A6DB4B3A</crc32>
		<md5>157bddb7192754a45372be196797f284</md5>
		<lang>en</lang>
		<region>us</region>
		<scrap name="ScreenScraper" date="20251230T032954" />
	</game>
	<game id="87915">
		<path>./Star Wars - The Empire Strikes Back (USA).zip</path>
		<name>星球大戰:帝國反擊戰</name>
		<desc>《星球大戰：帝國反擊戰》重現了同名電影中的場景。你身處冰冷的霍斯星球，帝國步行者正在逼近叛軍的發電機。作為雪地飛行艇的飛行員，你需要消滅盡可能多的步行者。步行者身披重甲，需要大量的火力才能摧毀一隻！遊戲在一個大的滾動螢幕上進行，底部有一個雷達螢幕，可以幫助跟蹤敵人的位置。如果步行者到達發電機，或者你用完了雪地飛行器，遊戲就結束了。祝你好運，願原力與你同在！</desc>
		<image>./images/Star Wars - The Empire Strikes Back (USA)-image.png</image>
		<marquee>./images/Star Wars - The Empire Strikes Back (USA)-marquee.png</marquee>
		<thumbnail>./images/Star Wars - The Empire Strikes Back (USA)-thumb.png</thumbnail>
		<rating>0.75</rating>
		<releasedate>19820101T000000</releasedate>
		<developer>Parker Brothers</developer>
		<publisher>Parker Brothers</publisher>
		<family>Star Wars</family>
		<players>1-2</players>
		<crc32>EE8C9A89</crc32>
		<md5>3c8e57a246742fa5d59e517134c0b4e6</md5>
		<lang>en</lang>
		<region>us</region>
		<scrap name="ScreenScraper" date="20251230T033010" />
	</game>
	<game id="51228">
		<path>./Frogs and Flies (USA).zip</path>
		<name>青蛙和蒼蠅</name>
		<desc>遊戲的目的是讓青蛙捕捉蒼蠅。透過操縱青蛙從睡蓮葉上跳下來並用閃爍的舌頭舀起飛蟲來贏得分數。跳得太晚你就會錯過。把他跳得太遠，他就會掉進池塘裡。你必須等他遊回來才能再次嘗試。晝夜行動。比對手捕獲更多的蒼蠅。或者打破你自己的最高分！</desc>
		<image>./images/Frogs and Flies (USA)-image.png</image>
		<marquee>./images/Frogs and Flies (USA)-marquee.png</marquee>
		<thumbnail>./images/Frogs and Flies (USA)-thumb.png</thumbnail>
		<rating>0.75</rating>
		<releasedate>19820101T000000</releasedate>
		<developer>Mattel Electronics</developer>
		<publisher>M Network</publisher>
		<players>2</players>
		<crc32>6476C136</crc32>
		<md5>dcc2956c7a39fdbf1e861fc5c595da0d</md5>
		<lang>en</lang>
		<region>us</region>
		<scrap name="ScreenScraper" date="20251230T033025" />
	</game>
	<game id="14070">
		<path>./Sky Diver ~ Dare Diver (USA).zip</path>
		<name>跳傘員 : 敢於潛水員</name>
		<desc>Sky Diver 是一款適合兩名玩家的動作遊戲。目標是透過從飛機上跳下、開啟降落傘並引導跳傘員安全到達著陸場來獲得最高分。開啟降落傘的時間越長，成功著陸獲得的積分就越多，但不要等待太久，否則降落傘根本不會開啟！每次跳躍時，都會有不同的風力條件，使您的跳傘者偏離航線。螢幕底部的風向袋將幫助您確定風速和風向，以便您進行補償。總共有九次跳躍，最後得分最高的玩家獲勝。</desc>
		<image>./images/Sky Diver ~ Dare Diver (USA)-image.png</image>
		<marquee>./images/Sky Diver ~ Dare Diver (USA)-marquee.png</marquee>
		<thumbnail>./images/Sky Diver ~ Dare Diver (USA)-thumb.png</thumbnail>
		<rating>0.6</rating>
		<releasedate>19780101T000000</releasedate>
		<developer>Sears</developer>
		<publisher>Atari</publisher>
		<players>1-2</players>
		<crc32>00312EA9</crc32>
		<md5>46c021a3e9e2fd00919ca3dd1a6b76d8</md5>
		<lang>en</lang>
		<region>us</region>
		<scrap name="ScreenScraper" date="20251230T033041" />
	</game>
	<game id="37682">
		<path>./Battlezone (Japan, USA).zip</path>
		<name>戰區</name>
		<desc>Atari Games 的 3D 坦克遊戲在釋出到街機時具有開創性，因此被正式轉換到許多系統。地球已被入侵，你和你的坦克領導防禦工作。您以第一人稱視角在戰場上行駛，瞄準坦克、飛機和不明飛行物並射擊。您有雷達可以幫助您瞭解敵人的方向和距離。物體可以用作戰略掩護。控制元件真實地模擬坦克的履帶，因此方向和速度設定各不相同 - 結合向右前進和向左向後移動（就像在鍵盤版本上一樣）可以讓您更快地改變方向。</desc>
		<image>./images/Battlezone (Japan, USA)-image.png</image>
		<marquee>./images/Battlezone (Japan, USA)-marquee.png</marquee>
		<thumbnail>./images/Battlezone (Japan, USA)-thumb.png</thumbnail>
		<rating>0.75</rating>
		<releasedate>19880101T000000</releasedate>
		<developer>Atari</developer>
		<publisher>Atari</publisher>
		<genre>Shooter / Vehicle, FPV</genre>
		<players>1</players>
		<crc32>9155DD1D</crc32>
		<md5>41f252a66c6301f1e8ab3612c19bc5d4</md5>
		<lang>en,jp</lang>
		<region>jp</region>
		<scrap name="ScreenScraper" date="20251230T033058" />
	</game>
	<game id="14027">
		<path>./Warlords (USA).zip</path>
		<name>軍閥</name>
		<desc>在《軍閥》中，您需要保護自己免受三名人類和/或計算機玩家的攻擊。四名玩家中的每一位都位於螢幕的一個角落，由一座城堡守衛。你控制一個小盾牌，它可以在城堡邊緣移動。為了生存，你需要使用盾牌來阻擋在螢幕上彈跳的球。如果球擊中你的城堡，它會取出一些磚塊。如果城堡牆上形成了一個洞，而球穿過了洞並擊中了你的軍閥，那麼你就出局了。最後活著的玩家贏得了戰鬥，第一個贏得五場戰鬥的玩家贏得了遊戲！包括幾個遊戲選項，允許您在盾牌接觸球時接球或彈跳，並控制遊戲速度。</desc>
		<image>./images/Warlords (USA)-image.png</image>
		<marquee>./images/Warlords (USA)-marquee.png</marquee>
		<thumbnail>./images/Warlords (USA)-thumb.png</thumbnail>
		<rating>0.7</rating>
		<releasedate>19810101T000000</releasedate>
		<developer>Atari</developer>
		<publisher>Sears</publisher>
		<players>1-4</players>
		<crc32>CF174B57</crc32>
		<md5>cbe5a166550a8129a5e6d374901dffad</md5>
		<lang>en</lang>
		<region>us</region>
		<scrap name="ScreenScraper" date="20251230T033112" />
	</game>
	<game id="14047">
		<path>./Frostbite (USA).zip</path>
		<name>凍瘡</name>
		<desc>您是一名愛斯基摩人，想要建造一座冰屋在寒冷的季節居住。要做到這一點，你必須從一個冰塊跳到另一個冰塊，同時避開鳥類和螃蟹等野生動物。接觸其中任何一個都會導致它們將你推離街區並進入致命的水中。一旦你建造了冰屋，你必須進入它才能進入下一關。請記住，您必須在溫度降至 0° 之前構建它。你有四種生命。</desc>
		<image>./images/Frostbite (USA)-image.png</image>
		<marquee>./images/Frostbite (USA)-marquee.png</marquee>
		<thumbnail>./images/Frostbite (USA)-thumb.png</thumbnail>
		<rating>0.75</rating>
		<releasedate>19830101T000000</releasedate>
		<developer>Activision</developer>
		<publisher>Activision</publisher>
		<genre>Platform</genre>
		<players>1-2</players>
		<crc32>B61BE7A3</crc32>
		<md5>4ca73eb959299471788f0b685c3ba0b5</md5>
		<lang>en</lang>
		<region>us</region>
		<scrap name="ScreenScraper" date="20251230T033130" />
	</game>
	<game id="14015">
		<path>./Beamrider (USA).zip</path>
		<name>光束騎士</name>
		<desc>Beamrider 是一款 3D 街機動作遊戲。您控制一艘光束飛船執行任務，清除 99 個太空區域中的敵對外星人。飛船位於螢幕底部，只能停在五根光束中的一根上。你裝備有鐳射和魚雷；與鐳射相比，魚雷威力更強大，可以摧毀更多敵人，但每級只能獲得三個。要完成一個區域，您需要摧毀十五個白色飛碟。所有碟子被摧毀後，扇區哨兵經過，可以摧毀它以獲得額外積分。每個偶數區域直到第 16 區域都會增加一種新型別的敵人來對付。這些額外的敵人只會試圖減慢你的任務速度，不過，只有摧毀碟子才能前進。偶爾會出現返老還童者；如果收集到，您可以獲得額外的生命。但要小心，因為如果你不小心射中了復興器，它就會變成敵人！</desc>
		<image>./images/Beamrider (USA)-image.png</image>
		<marquee>./images/Beamrider (USA)-marquee.png</marquee>
		<thumbnail>./images/Beamrider (USA)-thumb.png</thumbnail>
		<rating>0.65</rating>
		<releasedate>19840101T000000</releasedate>
		<developer>Activision</developer>
		<publisher>Activision</publisher>
		<genre>Shooter</genre>
		<players>1</players>
		<crc32>1618565B</crc32>
		<md5>79ab4123a83dc11d468fb2108ea09e2e</md5>
		<lang>en</lang>
		<region>us</region>
		<scrap name="ScreenScraper" date="20251230T033145" />
	</game>
	<game id="14029">
		<path>./H.E.R.O. (USA).zip</path>
		<name>英雄。</name>
		<desc>礦井裡有麻煩了！火山活動困住了無數礦工，你的任務就是拯救他們。作為羅德里克英雄，你需要穿過危險的礦井，避開危險的生物和熔岩，並在能量耗盡之前找出礦工的位置。為了幫助你完成任務，羅德里克英雄有幾種有用的裝備。道具包可以讓你在礦井周圍盤旋和飛行，並（希望）避免其中的許多危險。您的頭盔具有短程微型鐳射束，可用於消滅蝙蝠、蜘蛛、蛇和您在礦井中遇到的其他生物。有時，您穿過礦井的道路可能會被石頭或熔岩牆擋住。每個任務開始時你都會有六根炸藥棒，可以用來摧毀這些障礙物（不過要小心，不要炸死自己！）如果你用完了炸藥，你的鐳射束也可以用來摧毀牆壁，儘管這會花費更長的時間並消耗更多的能量。隨著關卡的進展，礦井會變得更長，更像迷宮，生物會更頻繁地阻擋道路，並且會出現觸控起來很危險的熔岩牆和水池。</desc>
		<image>./images/H.E.R.O. (USA)-image.png</image>
		<marquee>./images/H.E.R.O. (USA)-marquee.png</marquee>
		<thumbnail>./images/H.E.R.O. (USA)-thumb.png</thumbnail>
		<rating>0.8</rating>
		<releasedate>19840101T000000</releasedate>
		<developer>Activision</developer>
		<publisher>Activision</publisher>
		<genre>Adventure</genre>
		<players>1</players>
		<crc32>721E95B7</crc32>
		<md5>fca4a5be1251927027f2c24774a02160</md5>
		<lang>en</lang>
		<region>us</region>
		<scrap name="ScreenScraper" date="20251230T033203" />
	</game>
	<game id="14025">
		<path>./Montezuma's Revenge - Featuring Panama Joe (USA).zip</path>
		<name>蒙特祖瑪的複仇</name>
		<desc>你扮演一位名叫巴拿馬喬的寶藏獵人，他的目標是找到阿茲特克戰士隱藏在地下墓穴深處的古代寶藏。但要小心，地下墓穴是一個怪物居住的大迷宮。彈跳和滾動的頭骨、跳舞的蜘蛛、消失和重新出現的鏈條以及大量的火焰等待著您。你必須找到許多鑰匙並開啟門才能實現你的目標。巴拿馬喬可以跳躍和爬梯子，但在戰斗方面沒有太多作用。這就是為什麼應該避免遊戲中的怪物：與敵人碰撞會導致過早死亡。</desc>
		<image>./images/Montezuma's Revenge - Featuring Panama Joe (USA)-image.png</image>
		<marquee>./images/Montezuma's Revenge - Featuring Panama Joe (USA)-marquee.png</marquee>
		<thumbnail>./images/Montezuma's Revenge - Featuring Panama Joe (USA)-thumb.png</thumbnail>
		<rating>0.8</rating>
		<releasedate>19840101T000000</releasedate>
		<developer>James Wickstead Design Associates</developer>
		<publisher>Parker Brothers</publisher>
		<genre>Platform</genre>
		<family>Montezuma</family>
		<players>1</players>
		<crc32>E680A1C9</crc32>
		<md5>3347a6dd59049b15a38394aa2dafa585</md5>
		<lang>en</lang>
		<region>us</region>
		<scrap name="ScreenScraper" date="20251230T033218" />
	</game>
	<game id="14005">
		<path>./Pitfall II - Lost Caverns (USA).zip</path>
		<name>陷阱 II : 失落的洞穴</name>
		<desc>你扮演“陷阱哈利”，尋找拉吉鑽石、他的侄女朗達以及安第斯山脈某處的各種寶藏。有毒的青蛙、鰻魚、蠍子、蝙蝠和其他危險物會阻礙我們。Pitfall II 是原始平臺遊戲 Pitfall 的續作。遊戲玩法幾乎保持不變，每個螢幕都會呈現需要克服的障礙的側檢視，以及需要收集的潛在寶藏。景觀更像是迷宮，有各種各樣的路徑和死衚衕可供搜尋。沿途玩家會遇到一些檢查站。當玩家死亡時，陷阱哈利將被送回最近穿過的檢查站。</desc>
		<image>./images/Pitfall II - Lost Caverns (USA)-image.png</image>
		<marquee>./images/Pitfall II - Lost Caverns (USA)-marquee.png</marquee>
		<thumbnail>./images/Pitfall II - Lost Caverns (USA)-thumb.png</thumbnail>
		<rating>0.85</rating>
		<releasedate>19830101T000000</releasedate>
		<developer>Activision</developer>
		<publisher>Activision</publisher>
		<genre>Platform</genre>
		<family>Pitfall</family>
		<players>1</players>
		<crc32>097CE7AD</crc32>
		<md5>6d842c96d5a01967be9680080dd5be54</md5>
		<lang>en</lang>
		<region>us</region>
		<scrap name="ScreenScraper" date="20251230T033232" />
	</game>
	<game id="37771">
		<path>./Kangaroo (USA).zip</path>
		<name>袋鼠</name>
		<desc>魯寶寶被猴子綁架了，魯媽媽必須前來營救！你的袋鼠從螢幕底部開始。你需要引導袋鼠爬上各種梯子和平臺，到達囚禁小袋鼠的頂部。猴子會試圖透過投擲或掉落蘋果並將你從平臺上撞下來來阻止你。然而，你的袋鼠戴著拳擊手套，一拳就能擊倒猴子！一路上可以收集各種型別的水果來賺取獎勵積分。</desc>
		<image>./images/Kangaroo (USA)-image.png</image>
		<marquee>./images/Kangaroo (USA)-marquee.png</marquee>
		<thumbnail>./images/Kangaroo (USA)-thumb.png</thumbnail>
		<rating>0.55</rating>
		<releasedate>19830101T000000</releasedate>
		<developer>Sunsoft</developer>
		<publisher>Atari</publisher>
		<genre>Platform</genre>
		<players>1-2</players>
		<crc32>B9AB57E6</crc32>
		<md5>4326edb70ff20d0ee5ba58fa5cb09d60</md5>
		<lang>en</lang>
		<region>us</region>
		<scrap name="ScreenScraper" date="20251230T033249" />
	</game>
	<game id="13987">
		<path>./Asteroids (Japan, USA).zip</path>
		<name>小行星</name>
		<desc>《小行星》是同名街機遊戲的改編版。

扮演被困在巨大小行星雲中的宇宙飛船飛行員的角色，並用飛船的光子炮粉碎即將到來的小行星。當所有小行星都被摧毀後，遊戲就可以讓它們進入下一輪。除了小行星之外，玩家還將面對一個外星機器人飛碟，它會在螢幕上隨機射擊。

使用控制器的玩家可以將船旋轉（左或右）到任何方向或向前移動船。射擊將根據船舶方向進行。玩家有三艘預留的飛船可以用來替換被摧毀的宇宙飛船。如果小行星與宇宙飛船相撞或被外星機器人飛碟射擊，宇宙飛船就會被摧毀。此外，玩家可以選擇使用超空間扭曲來避免碰撞。然而，扭曲也可能在此過程中摧毀宇宙飛船。

小行星被擊中時會分解成更小的碎片或被摧毀。 小行星分為三種型別：大型小行星、中型小行星和小型小行星。大型小行星和中型小行星在被擊中時會分裂成兩顆較小尺寸的小行星。小型小行星在被射擊時會被摧毀。

外星機器人碟子有兩種尺寸：小型和大型。兩者都使用光子鐳射進行射擊，被摧毀後會爆炸。外星機器人碟子不會出現在新手級別。

遊戲難度和變化
有 4 種可用的難度設定：新手、中級、高階和專家。

該遊戲還提供三種不同的遊戲變體：

1. 標準遊戲 - 一名或兩名玩家，當一名玩家的船隻被摧毀時輪流進行。

2. 競賽小行星 - 兩名玩家同時出現在螢幕上。友軍火力生效，這意味著一個玩家的宇宙飛船發射的子彈將摧毀另一個玩家的宇宙飛船。每個玩家都有單獨的船舶儲備。

3. 小行星隊 - 螢幕上同時出現兩名玩家。友軍火力被禁用，這意味著從一個玩家的宇宙飛船發射的子彈不會摧毀另一個玩家的宇宙飛船，而只會穿過。雙方的船舶儲備相加。

評分
玩家 1 的分數可以在螢幕的左上方檢視，而玩家 2 的分數則可以在相反的右上方檢視。玩家每獲得 10,000 積分即可獲得一艘新的預備艦。

1. 小碟子 - 1,000 分
2. 其他玩家的船 - 500 點
3. 大碟子 - 200分
4. 小小行星 - 100分
5. 中型小行星 - 50分
6. 大小行星 - 20分</desc>
		<image>./images/Asteroids (Japan, USA)-image.png</image>
		<marquee>./images/Asteroids (Japan, USA)-marquee.png</marquee>
		<thumbnail>./images/Asteroids (Japan, USA)-thumb.png</thumbnail>
		<rating>0.7</rating>
		<releasedate>19830101T000000</releasedate>
		<developer>Atari</developer>
		<publisher>Atari</publisher>
		<genre>Shoot'em Up</genre>
		<family>Asteroids</family>
		<players>1-2</players>
		<crc32>C7D64C94</crc32>
		<md5>dd7884b4f93cab423ac471aa1935e3df</md5>
		<lang>en,jp</lang>
		<region>jp</region>
		<scrap name="ScreenScraper" date="20251230T033306" />
	</game>
	<game id="37695">
		<path>./Centipede (Japan, USA).zip</path>
		<name>蜈蚣</name>
		<desc>在《蜈蚣》中，玩家被困在魔法森林中。只用一根魔杖來抵禦森林裡的昆蟲居民，所有這些昆蟲顯然都在連續不斷地攻擊玩家。

玩家必須使用魔杖向接近的昆蟲發射火花，按下控制器按鈕即可得分。按住控制器按鈕將使魔杖快速射擊。如果玩家被昆蟲咬傷，玩家會暫時麻痺，並失去三根起始魔杖中的一根。

昆蟲對手和蘑菇
所有敵方昆蟲在攻擊前都會發出獨特的聲音，這可以幫助玩家識別哪種昆蟲正在攻擊。遊戲中的敵人和物體如下：

1.蜈蚣
蜈蚣會分12波攻擊。在第一波中，蜈蚣的頭部連線著 11 個身體部位。在第二波中，蜈蚣除了一個獨立的頭部外，還將有一個頭部連線到 10 個身體部位。第三波將有附有頭部的蜈蚣、9 個身體部分以及兩個獨立的頭部。這些身體部位會轉變為頭部，並持續到第 12 波。在最後一波中，蜈蚣將有 12 個分離的頭，獨立攻擊玩家。蜈蚣的頭部比身體部位更有價值。

蜈蚣的攻擊將從螢幕頂部向下移動。如果火花擊中蜈蚣的任何部分，該特定的身體部分將變成蘑菇，而其後面的身體部分將成為新的蜈蚣頭。當蜈蚣被摧毀時，它會短暫消失並再次從螢幕頂部重新出現。

蜘蛛
蜘蛛會試圖分散玩家的注意力，使其不再攻擊蜈蚣。它會摧毀任何接觸到的蘑菇。如果蜘蛛在較近的距離內被擊中，它會獲得更多分數。

跳蚤
如果玩家摧毀了大部分現有蘑菇，跳蚤就會出現。它會掉下來，在它掉下來的地方產生一批新的蘑菇。跳蚤被擊中兩次後就會消失。第一次擊中後，跳蚤會掉落得更快。

蠍子號
蠍子將出現在第三波中。它移動緩慢，但會加快速度，移動得更快。這樣做時，它會毒害它接觸到的任何蘑菇。

蘑菇
蘑菇充滿了魔法森林，可以作為玩家的障礙或掩護，並對敵方昆蟲產生額外的效果。需要射擊才能完全摧毀蘑菇。蘑菇有兩種：神奇蘑菇和毒蘑菇。魔法蘑菇是遊戲中的預設蘑菇，也是玩家消滅昆蟲或蜈蚣身體部分的結果。毒蘑菇是蠍子接觸蘑菇的結果。有毒蘑菇會促使附近的蜈蚣穿過任何蘑菇直接向玩家移動。失去一根魔杖可以恢復任何部分損壞的蘑菇。

遊戲難度和變化
遊戲提供四個難度級別：新手、標準、高階和專家。遊戲變化如下：

1. 一名玩家
兩人交替
當主動玩家被咬時，兩名玩家將輪流行動。
雙人比賽
螢幕上會同時出現兩名玩家。評分是分開的。一名球員的射擊將使另一名球員癱瘓。
團隊比賽
螢幕上會同時出現兩名玩家。評分是合併的。一名玩家的射擊不會使另一名玩家癱瘓。

評分
玩家每獲得12,000分即可獲得一根額外的魔杖，最多可達六根魔杖。當所有魔杖都丟失時，遊戲就會結束。評分如下：

蜈蚣頭 - 100 分
蜈蚣身體部位 - 10 分
近距離蜘蛛 - 900 分
中距離蜘蛛 - 600 分
跳蚤 - 200 分
天蠍座 - 1,000 點
跳蚤 - 200 分
恢復蘑菇 - 5 分
毀壞的蘑菇 - 1 分</desc>
		<image>./images/Centipede (Japan, USA)-image.png</image>
		<marquee>./images/Centipede (Japan, USA)-marquee.png</marquee>
		<thumbnail>./images/Centipede (Japan, USA)-thumb.png</thumbnail>
		<rating>0.7</rating>
		<releasedate>19830101T000000</releasedate>
		<developer>Atari</developer>
		<publisher>Atari</publisher>
		<genre>Shooter / Space Invaders Like</genre>
		<family>Centipede</family>
		<players>1</players>
		<crc32>77396102</crc32>
		<md5>91c2098e88a6b13f977af8c003e0bca5</md5>
		<lang>en,jp</lang>
		<region>jp</region>
		<scrap name="ScreenScraper" date="20251230T033323" />
	</game>
	<game id="14035">
		<path>./Kaboom! (USA).zip</path>
		<name>轟隆隆！</name>
		<desc>瘋狂轟炸機逍遙法外！當他在螢幕頂部來回奔跑時，你需要接住他扔在水桶裡的炸彈。每捕獲一個炸彈即可獲得一分，但如果錯過其中一個炸彈，就會爆炸！隨著關卡的進展，瘋狂轟炸機的移動速度會越來越快，投下的炸彈也會越來越多。遊戲開始時你會得到三個桶，每錯過一個炸彈就會失去一個桶。當你所有的水桶都用完時，遊戲結束。</desc>
		<image>./images/Kaboom! (USA)-image.png</image>
		<marquee>./images/Kaboom! (USA)-marquee.png</marquee>
		<thumbnail>./images/Kaboom! (USA)-thumb.png</thumbnail>
		<rating>0.75</rating>
		<releasedate>19810101T000000</releasedate>
		<developer>Activision</developer>
		<publisher>Activision</publisher>
		<players>1-2</players>
		<crc32>813F00F6</crc32>
		<md5>5428cdfada281c569c74c7308c7f2c26</md5>
		<lang>en</lang>
		<region>us</region>
		<scrap name="ScreenScraper" date="20251230T033338" />
	</game>
	<game id="13998">
		<path>./Haunted House (USA).zip</path>
		<name>鬼屋</name>
		<desc>一座鬧鬼的宅邸中隱藏著三塊魔法甕，你的目標是進入宅邸並在失去九條生命之前取回所有三塊！遊戲是從頭頂視角進行的，當你探索迷宮般的豪宅的四層樓時，你只能看到你的眼球。為了讓你的任務變得更加困難，有各種各樣的生物在各處徘徊。如果距離太近，狼蛛、巨型吸血蝙蝠和一隻快速移動的幽靈都會導致你喪命。作為對這些生物的防禦，可以在宅邸中找到一根神奇的權杖，這將使你免受其居民的影響。

宅邸有許多門，其中一些門可能是鎖著的；要探索所有房間，您首先需要找到隱藏在某處的萬能鑰匙。豪宅非常黑暗，你將無法看到其中的任何物體（在更困難的遊戲版本中，你也看不到牆壁）。為了揭示物體和豪宅的牆壁，你需要點燃一根無限供應的火柴，這將照亮你周圍的一小塊區域。不過，如果疾風或路過的生物吹滅了你的火柴，請不要感到驚訝！

您一次只能攜帶一件物品，因此您需要製定探索宅邸的策略；要開啟門或移動甕的一塊，您需要放下權杖，所以要小心！當甕的所有三塊都組裝完畢並逃出宅邸時，您就贏得了遊戲。遊戲會記錄您在任務中使用了多少場比賽，比賽越少，得分就越高！</desc>
		<image>./images/Haunted House (USA)-image.png</image>
		<marquee>./images/Haunted House (USA)-marquee.png</marquee>
		<thumbnail>./images/Haunted House (USA)-thumb.png</thumbnail>
		<rating>0.7</rating>
		<releasedate>19810101T000000</releasedate>
		<developer>Atari</developer>
		<publisher>Atari</publisher>
		<genre>Adventure</genre>
		<players>1</players>
		<crc32>AA62D961</crc32>
		<md5>f0a6e99f5875891246c3dbecbf2d2cea</md5>
		<lang>en</lang>
		<region>us</region>
		<scrap name="ScreenScraper" date="20251230T033354" />
	</game>
	<game id="14052">
		<path>./Solaris (USA).zip</path>
		<name>Nvidia G-Sync</name>
		<desc>Zylons 回來了，並試圖再次接管銀河系！你的目標是摧毀你遇到的所有 Zylon 戰鬥機，營救被困在 Zylon 行星上的學員，並找到索拉里斯星球以保護它免受 Zylon 的侵害。你的宇宙飛船配備了一張銀河地圖，可以用來扭曲到銀河系的不同區域。當您找到 Zylon 中隊、Zylon 行星、聯邦星際基地、蟲洞、星團和 Solaris 時，地圖會顯示其位置。透過傳送到正確的區域，您可以與多種型別的 Zylon 戰鬥機作戰，阻止它們攻擊聯邦基地和行星。你的宇宙飛船的燃料有限；當你看到燃料表變得太低時，你將需要傳送到聯邦星際基地來加油（確保你留下足夠的燃料來傳送）。當飛越 Zylon 控制的行星時，您會在表面看到學員。如果您在飛過時救出所有學員，您將獲得獎勵積分和一艘額外的宇宙飛船。Zylon 擁有許多不同型別的戰鬥機，您將遇到這些戰鬥機，以及一些帶有封鎖的狹窄走廊，您需要清除這些走廊才能到達銀河系中的新位置。</desc>
		<image>./images/Solaris (USA)-image.png</image>
		<marquee>./images/Solaris (USA)-marquee.png</marquee>
		<thumbnail>./images/Solaris (USA)-thumb.png</thumbnail>
		<rating>0.8</rating>
		<releasedate>19861201T000000</releasedate>
		<developer>Atari</developer>
		<publisher>Atari</publisher>
		<players>1</players>
		<crc32>2B87850E</crc32>
		<md5>e72eb8d4410152bdcb69e7fba327b420</md5>
		<lang>en</lang>
		<region>us</region>
		<scrap name="ScreenScraper" date="20251230T033408" />
	</game>
	<game id="14076">
		<path>./Tapper (USA).zip</path>
		<name>塔珀</name>
		<desc>Tapper 是一款動作遊戲，您是一名啤酒調酒師（調酒師），必須為要求嚴格的顧客提供啤酒。有四個顧客，每個顧客都有自己的通道，比前一個顧客更長，你必須阻止他們。如果他們到達巷子盡頭而沒有收到啤酒，那麼你就完蛋了；如果你錯過了一個人，不小心把啤酒灑了，你就會失去一條生命；如果其中一個人把杯子扔給你，而你沒能接住它，你也會失去一條生命。

有時，其中一條線路上會出現一個奇怪的圖示，如果你抓住它，就會引發一場“歌舞表演”式的表演，這會讓一些顧客忙碌起來。

Xbox 360 版本包括獎勵回合、合作模式和對抗多人遊戲模式，還有線上模式和成就。</desc>
		<image>./images/Tapper (USA)-image.png</image>
		<marquee>./images/Tapper (USA)-marquee.png</marquee>
		<thumbnail>./images/Tapper (USA)-thumb.png</thumbnail>
		<rating>0.8</rating>
		<releasedate>19840101T000000</releasedate>
		<developer>Beck-Tech</developer>
		<publisher>SEGA</publisher>
		<genre>Strategy</genre>
		<family>Tapper</family>
		<players>1-2</players>
		<crc32>D28AFB2C</crc32>
		<md5>c0d2434348de72fa6edcc6d8e40f28d7</md5>
		<lang>en</lang>
		<region>us</region>
		<scrap name="ScreenScraper" date="20251230T033423" />
	</game>
	<game id="58694">
		<path>./Chopper Command (USA).zip</path>
		<name>斬波器命令</name>
		<desc>Chopper Command 是一款橫向捲軸射擊遊戲。作為武裝直升機的飛行員，您的任務是保護在螢幕底部行駛的卡車車隊。每波攻擊都由大量敵方直升機和噴氣式飛機組成，它們試圖摧毀你和車隊。噹噹前波次中的所有敵人都被消滅後，您可以繼續前進到下一個更困難的波次。為了提供幫助，螢幕底部有一個遠端掃描器，可以定位車隊中的卡車以及敵機。祝你好運，地面部隊指望你了！</desc>
		<image>./images/Chopper Command (USA)-image.png</image>
		<marquee>./images/Chopper Command (USA)-marquee.png</marquee>
		<thumbnail>./images/Chopper Command (USA)-thumb.png</thumbnail>
		<rating>0.8</rating>
		<releasedate>19820101T000000</releasedate>
		<developer>Activision</developer>
		<publisher>Activision</publisher>
		<genre>Shooter / Horizontal</genre>
		<players>1-2</players>
		<crc32>1DFA64DF</crc32>
		<md5>c1cb228470a87beb5f36e90ac745da26</md5>
		<lang>en</lang>
		<region>us</region>
		<scrap name="ScreenScraper" date="20251230T033437" />
	</game>
	<game id="37717">
		<path>./Dig Dug (USA).zip</path>
		<name>你挖了</name>
		<desc>Dig Dug 是一款 1-2 人街機遊戲，您必須使用鏟子在地球上挖出一條路。阻止你這樣做的是兩個怪物，叫做 Pooka 和 Fygar，它們會不斷地追趕你。你攜帶的唯一武器是氣泵，你可以用它來給怪物充氣直到它們爆炸。（如果你開始給它們充氣但停止這樣做，怪物就會變回正常狀態。）此外，岩石散佈在地球各處，你可以用這些岩石來壓扁它們。如果怪物幾秒鐘沒有找到你，他們最終會變成幽靈，能夠在地球上行走。他們是無敵的，無法被殺死。中心時不時會出現蔬菜，你可以用積分獲得這些蔬菜。</desc>
		<image>./images/Dig Dug (USA)-image.png</image>
		<marquee>./images/Dig Dug (USA)-marquee.png</marquee>
		<thumbnail>./images/Dig Dug (USA)-thumb.png</thumbnail>
		<rating>0.7</rating>
		<releasedate>19830101T000000</releasedate>
		<developer>Namco</developer>
		<publisher>Atari</publisher>
		<genre>Action / Labyrinth</genre>
		<family>Dig Dug</family>
		<players>1</players>
		<crc32>EE7B80D1</crc32>
		<md5>6dda84fb8e442ecf34241ac0d1d91d69</md5>
		<lang>en</lang>
		<region>us</region>
		<scrap name="ScreenScraper" date="20251230T033452" />
	</game>
</gameList>